Keyword,Source,Seed
tiktok for business,Google,TikTok
tiktok for business,Bing,TikTok
tiktok粉丝,Google,TikTok
tiktok 翻 墙 也 不能 用,Google,TikTok
tiktok粉丝购买,Google,TikTok
tiktok翻译,Google,TikTok
tiktok for mac,Google,TikTok
tiktok for mac,Bing,TikTok
tiktok 访问太频繁 请稍后再试,Google,TikTok
tiktok for windows,Google,TikTok
tiktok for windows,Bing,TikTok
tiktok服务商,Google,TikTok
tiktok分析工具,Google,TikTok
tiktok封面下载,Google,TikTok
tiktok分流规则,Google,TikTok
tiktok封号,Google,TikTok
tiktok for business 官网,Bing,TikTok
tiktok for windows 下载,Bing,TikTok
tiktok for business 出海学堂,Bing,TikTok
tiktok for business 注册,Bing,TikTok
tiktok for business 是什么,Bing,TikTok
tiktok effect house,Google,TikTok
tiktok effect house,Bing,TikTok
tiktok 俄罗斯,Google,TikTok
tiktok二审,Google,TikTok
tiktok english,Google,TikTok
tiktok english,Bing,TikTok
tiktok ecommerce,Google,TikTok
tiktok ecommerce,Bing,TikTok
tiktok俄罗斯版,Google,TikTok
tiktoken安装,Bing,TikTok
题库token,Bing,TikTok
tiktok网页版,Google,TikTok
tiktok网页版,Bing,TikTok
tiktok下载,Google,TikTok
tiktok下载,Bing,TikTok
tiktok shop,Google,TikTok
tiktok shop,Bing,TikTok
tiktok seller center,Google,TikTok
tiktok seller center,Bing,TikTok
tiktok 官网,Google,TikTok
tiktok creative center,Google,TikTok
tiktok creative center,Bing,TikTok
tiktok国际版,Google,TikTok
tiktok国际版,Bing,TikTok
tiktok studio,Google,TikTok
tiktok studio,Bing,TikTok
tiktok shop seller center,Google,TikTok
tiktok shop seller center,Bing,TikTok
tiktok app,Google,TikTok
tiktok app,Bing,TikTok
tiktok注册,Google,TikTok
tiktok注册,Bing,TikTok
tiktok career,Google,TikTok
tiktok career,Bing,TikTok
tiktok创意中心,Google,TikTok
tiktok创意中心,Bing,TikTok
tiktok官网,Bing,TikTok
tiktok shop官网,Bing,TikTok
tiktok官网下载,Bing,TikTok
tiktok视频下载,Bing,TikTok
tiktok live studio,Google,TikTok
tiktok live studio,Bing,TikTok
tiktok 官网 下载,Google,TikTok
tiktok广告资料库,Google,TikTok
tiktok 国际 版 官方 下载,Google,TikTok
tiktok广告管理平台,Google,TikTok
tiktok广告管理平台,Bing,TikTok
tiktok广告,Google,TikTok
tiktok 国际 版 官网,Google,TikTok
tiktok广告创意中心,Google,TikTok
tiktok广告投放平台,Google,TikTok
tiktok广告开户,Google,TikTok
tiktok 购物,Google,TikTok
tiktok工具,Google,TikTok
tiktok官网网页版,Bing,TikTok
tiktok国际版下载,Bing,TikTok
tiktok官网入口,Bing,TikTok
tiktok官网抖音国际版,Bing,TikTok
tiktok business center,Google,TikTok
tiktok business center,Bing,TikTok
tiktok business,Google,TikTok
tiktok business,Bing,TikTok
tiktok backstage,Google,TikTok
tiktok backstage,Bing,TikTok
tiktok bc,Google,TikTok
tiktok bc,Bing,TikTok
tiktok巴西,Google,TikTok
tiktok播放量为0,Google,TikTok
tiktok business account,Google,TikTok
tiktok business account,Bing,TikTok
tiktok ban,Google,TikTok
tiktok ban,Bing,TikTok
tiktok被收购,Google,TikTok
tiktok被封禁,Google,TikTok
tiktok本土店登录,Google,TikTok
tiktok不能关注别人,Google,TikTok
tiktok不拔卡,Google,TikTok
tiktok不能关注,Google,TikTok
tiktok被美国封禁,Bing,TikTok
tiktok baby歌词,Bing,TikTok
tiktok bc商务中心,Bing,TikTok
tiktok创作者中心,Google,TikTok
tiktok creator marketplace,Google,TikTok
tiktok creator marketplace,Bing,TikTok
tiktok充值,Google,TikTok
tiktok橱窗号,Google,TikTok
tiktok creator center,Google,TikTok
tiktok creator center,Bing,TikTok
tiktok创作者服务中心,Google,TikTok
tiktok出售,Google,TikTok
tiktok ceo,Google,TikTok
tiktok ceo,Bing,TikTok
tiktok出海学堂,Google,TikTok
tiktok creative center官网,Bing,TikTok
tiktok安装包,Google,TikTok
tiktok安装包,Bing,TikTok
tiktok app 下载,Google,TikTok
tiktok ads manager,Google,TikTok
tiktok ads manager,Bing,TikTok
tiktok安卓下载,Google,TikTok
tiktok安卓下载,Bing,TikTok
tiktok academy,Google,TikTok
tiktok academy,Bing,TikTok
tiktok安装,Google,TikTok
tiktok app下载安卓,Bing,TikTok
tiktok apk安装包,Bing,TikTok
tiktok ads官网,Bing,TikTok
tiktok app官网,Bing,TikTok
tiktok download,Google,TikTok
tiktok download,Bing,TikTok
tiktok店铺,Google,TikTok
tiktok店铺,Bing,TikTok
tiktok登录,Google,TikTok
tiktok登录,Bing,TikTok
tiktok电脑版,Google,TikTok
tiktok电脑版,Bing,TikTok
tiktok电脑版下载,Google,TikTok
tiktok电脑版下载,Bing,TikTok
tiktok店铺注册,Google,TikTok
tiktok店铺登录,Google,TikTok
tiktok电商,Google,TikTok
tiktok电商,Bing,TikTok
tiktok登录不了,Google,TikTok
tiktok登录显示网络连接不稳定,Google,TikTok
tiktok登陆网络连接不稳定,Google,TikTok
tiktok东南亚,Google,TikTok
tiktok大学,Google,TikTok
tiktok internship,Google,TikTok
tiktok internship,Bing,TikTok
tiktok icon,Google,TikTok
tiktok icon,Bing,TikTok
tiktok ippc,Google,TikTok
tiktok ippc,Bing,TikTok
tiktok inc,Google,TikTok
tiktok inc,Bing,TikTok
tiktok influencer,Google,TikTok
tiktok influencer,Bing,TikTok
tiktok ios 免拔卡,Google,TikTok
tiktok ios下载,Google,TikTok
tiktok ios下载,Bing,TikTok
tiktok ios安装包,Bing,TikTok
tiktok ipa文件,Bing,TikTok
tiktok ios 免拔卡 下载,Bing,TikTok
tiktok号,Google,TikTok
tiktok海外版,Google,TikTok
tiktok海外版,Bing,TikTok
tiktok hiring,Google,TikTok
tiktok hiring,Bing,TikTok
tiktok和抖音的区别,Google,TikTok
tiktok和抖音的区别,Bing,TikTok
tiktok黑五,Google,TikTok
tiktok 海外 版 下载,Google,TikTok
tiktok后台登入,Google,TikTok
tiktok 号 购买,Google,TikTok
tiktok help center,Google,TikTok
tiktok help center,Bing,TikTok
tiktok hr call 一亩三分地,Google,TikTok
tiktok换区,Google,TikTok
tiktok号商,Google,TikTok
tiktok货盘,Google,TikTok
tiktok后台,Bing,TikTok
tiktok和抖音什么关系,Bing,TikTok
tiktok后台登录,Bing,TikTok
tiktok 内推,Google,TikTok
tiktok 逆向,Google,TikTok
tiktok news,Google,TikTok
tiktok news,Bing,TikTok
tiktok newsroom,Google,TikTok
tiktok newsroom,Bing,TikTok
tiktok难民,Google,TikTok
tiktok难民,Bing,TikTok
tiktok你的网络不稳定,Google,TikTok
tiktok你的账号已被封禁,Google,TikTok
tiktok内容下载,Google,TikTok
tiktok 你所在的国家或地区无法使用此功能,Google,TikTok
tiktok你的网络不稳定请点击重试,Google,TikTok
tiktok哪个地区好看,Google,TikTok
tiktok难民涌入小红书,Bing,TikTok
tiktok no internet connection怎么解决,Bing,TikTok
tiktok live,Google,TikTok
tiktok live,Bing,TikTok
tiktok login,Google,TikTok
tiktok login,Bing,TikTok
tiktok live streamer desktop,Google,TikTok
tiktok live streamer desktop,Bing,TikTok
tiktok论坛,Google,TikTok
tiktok老号购买,Google,TikTok
tiktok live studio 官网,Google,TikTok
tiktok live backstage,Google,TikTok
tiktok live backstage,Bing,TikTok
tiktok live shop,Google,TikTok
tiktok live shop,Bing,TikTok
tiktok live studio 下载,Google,TikTok
tiktok live studio 下载,Bing,TikTok
tiktok live studio官网,Bing,TikTok
tiktok live studio下载地址,Bing,TikTok
tiktok lite是什么,Bing,TikTok
tiktok live studio官网下载,Bing,TikTok
tiktok卖家中心,Google,TikTok
tiktok卖家中心,Bing,TikTok
tiktok免拔卡,Google,TikTok
tiktok免拔卡,Bing,TikTok
tiktok满月白号,Google,TikTok
tiktok music,Google,TikTok
tiktok music,Bing,TikTok
tiktok卖家,Google,TikTok
tiktok 美国,Google,TikTok
tiktok 面经,Google,TikTok
tiktok免费下载,Google,TikTok
tiktok make your day,Google,TikTok
tiktok make your day,Bing,TikTok
tiktok mac下载,Google,TikTok
tiktok美国最新消息,Google,TikTok
tiktok卖家大学,Google,TikTok
tiktok面试,Google,TikTok
tiktok卖家中心入口,Bing,TikTok
tiktok跨境店,Google,TikTok
tiktok跨境店,Bing,TikTok
tiktok跨境电商,Google,TikTok
tiktok开店,Google,TikTok
tiktok开店,Bing,TikTok
tiktok跨境,Google,TikTok
tiktok跨境店注册,Google,TikTok
tiktok开店流程,Google,TikTok
tiktok跨境店登录,Google,TikTok
tiktok跨境店登录,Bing,TikTok
tiktok开发者平台,Google,TikTok
tiktok客户端,Google,TikTok
tiktok客服,Google,TikTok
tiktok开放平台,Google,TikTok
tiktok开发者,Google,TikTok
tiktok可商用音乐,Google,TikTok
tiktok开店教程,Google,TikTok
tiktok开店教程,Bing,TikTok
tiktok跨境电商怎么做,Google,TikTok
tiktok跨境电商怎么做,Bing,TikTok
tiktok跨境电商官网,Bing,TikTok
tiktok跨境电商入驻,Bing,TikTok
tiktok开店流程及费用,Bing,TikTok
tiktok跨境电商官网入口,Bing,TikTok
tiktok解析,Google,TikTok
tiktok解析,Bing,TikTok
tiktok精选联盟入口,Google,TikTok
tiktok解除限制,Google,TikTok
tiktok金币充值,Google,TikTok
tiktok禁令,Google,TikTok
tiktok禁令,Bing,TikTok
tiktok japan,Google,TikTok
tiktok japan,Bing,TikTok
tiktok解析下载,Google,TikTok
tiktok节点,Google,TikTok
tiktok矩阵,Google,TikTok
tiktok交易,Google,TikTok
tiktok介绍,Google,TikTok
tiktok介绍,Bing,TikTok
tiktok镜像,Google,TikTok
tiktok镜像,Bing,TikTok
tiktok矩阵系统,Google,TikTok
tiktok精选联盟,Google,TikTok
tiktok加速器,Bing,TikTok
tiktok 甲骨文,Bing,TikTok
tiktok jk 鼻ピ,Bing,TikTok
tiktok one,Google,TikTok
tiktok one,Bing,TikTok
tiktok online,Google,TikTok
tiktok online,Bing,TikTok
tiktok欧洲,Google,TikTok
tiktok oracle,Google,TikTok
tiktok oracle,Bing,TikTok
tiktok oa 一亩三分地,Google,TikTok
tiktok one creator marketplace,Google,TikTok
tiktok one creator marketplace,Bing,TikTok
tiktok one是什么,Google,TikTok
tiktok欧洲站,Google,TikTok
tiktok official website,Google,TikTok
tiktok official website,Bing,TikTok
tiktok one官网,Bing,TikTok
tiktok one平台,Bing,TikTok
tiktok全托管,Google,TikTok
tiktok全托管,Bing,TikTok
tiktok趋势,Google,TikTok
tiktok去水印工具,Google,TikTok
tiktok全球卖家中心,Google,TikTok
tiktok全托管入驻,Google,TikTok
tiktok全托管入驻,Bing,TikTok
tiktok去水印网站,Google,TikTok
tiktok去水印网站,Bing,TikTok
tiktok去除水印,Google,TikTok
tiktok 千 粉 号 购买,Google,TikTok
tiktok起号,Google,TikTok
tiktok企业号,Google,TikTok
tiktok全托,Google,TikTok
tiktok去水印快捷指令,Google,TikTok
tiktok前端,Google,TikTok
tiktok渠道号,Google,TikTok
tiktok去字幕,Google,TikTok
tiktok去水印,Bing,TikTok
tiktok全托管卖家中心,Bing,TikTok
tiktok轻量版,Bing,TikTok
tiktok全托管卖家中心官网,Bing,TikTok
tiktok去水印下载,Bing,TikTok
tiktok partner center,Google,TikTok
tiktok partner center,Bing,TikTok
tiktok plugin,Google,TikTok
tiktok plugin,Bing,TikTok
tiktok pop,Google,TikTok
tiktok pop,Bing,TikTok
tiktok pc下载,Google,TikTok
tiktok pc下载,Bing,TikTok
tiktok pc端,Google,TikTok
tiktok pc端,Bing,TikTok
tiktok批量下载,Google,TikTok
tiktok 爬虫,Google,TikTok
tiktok批量注册,Google,TikTok
tiktok promote,Google,TikTok
tiktok promote,Bing,TikTok
tiktok pixel,Google,TikTok
tiktok pixel,Bing,TikTok
tiktok perm 一亩三分地,Google,TikTok
tiktok苹果下载,Google,TikTok
tiktok pc版,Bing,TikTok
tiktok plugin下载,Bing,TikTok
tiktok pop店铺是什么意思,Bing,TikTok
tiktok video downloader,Google,TikTok
tiktok video downloader,Bing,TikTok
tiktok videos,Google,TikTok
tiktok videos,Bing,TikTok
tiktok video下载,Google,TikTok
tiktok viewer,Google,TikTok
tiktok viewer,Bing,TikTok
tiktok vpn 无 网络 连接,Google,TikTok
tiktok voice generator,Google,TikTok
tiktok voice generator,Bing,TikTok
tiktok vpn 网络 连接 不 稳定,Google,TikTok
tiktok vpn推荐,Bing,TikTok
tiktok入驻,Google,TikTok
tiktok入驻,Bing,TikTok
tiktok热门音乐,Google,TikTok
tiktok recruitment,Google,TikTok
tiktok recruitment,Bing,TikTok
tiktok热点,Google,TikTok
tiktok热门趋势,Google,TikTok
tiktok热门标签,Google,TikTok
tiktok如何注册,Google,TikTok
tiktok register,Google,TikTok
tiktok register,Bing,TikTok
tiktok如何赚钱,Google,TikTok
tiktok如何在中国使用,Google,TikTok
tiktok refugee,Google,TikTok
tiktok refugee,Bing,TikTok
tiktok日活,Google,TikTok
tiktok入住,Google,TikTok
tiktok日本站,Bing,TikTok
tiktok入驻官网,Bing,TikTok
tiktok如何在国内使用,Bing,TikTok
tiktok入口网页版,Bing,TikTok
tiktok trends,Google,TikTok
tiktok trends,Bing,TikTok
tiktok图标,Google,TikTok
tiktok图标,Bing,TikTok
tiktok tap,Google,TikTok
tiktok tap,Bing,TikTok
tiktok头像,Google,TikTok
tiktok图片,Google,TikTok
tiktok图片,Bing,TikTok
tiktok图片下载,Google,TikTok
tiktok泰国,Google,TikTok
tiktok投流,Google,TikTok
tiktok提取,Google,TikTok
tiktok提示网络不稳定,Google,TikTok
tiktok tap后台,Google,TikTok
tiktok tiktok网页版,Bing,TikTok
tiktok tv版,Bing,TikTok
tiktok梯子,Bing,TikTok
tiktok seller,Google,TikTok
tiktok seller,Bing,TikTok
tiktok商务中心,Google,TikTok
tiktok视频解析,Google,TikTok
tiktok商城,Google,TikTok
tiktok商家后台,Google,TikTok
tiktok刷粉,Google,TikTok
tiktok shop 官网,Google,TikTok
tiktok视频批量下载,Google,TikTok
tiktok视频,Google,TikTok
tiktok shop 登录,Google,TikTok
tiktok shop跨境官网,Bing,TikTok
tiktok shop官网入口,Bing,TikTok
tiktok shop登录入口,Bing,TikTok
tiktok us,Google,TikTok
tiktok us,Bing,TikTok
tiktok usds,Google,TikTok
tiktok usds,Bing,TikTok
tiktok usds 一亩三分地,Google,TikTok
tiktok usds怎么样,Google,TikTok
tiktok university,Google,TikTok
tiktok university,Bing,TikTok
tiktok usds是什么,Google,TikTok
tiktok网页版入口,Google,TikTok
tiktok无法连接网络,Google,TikTok
tiktok网络连接不稳定,Google,TikTok
tiktok网络连接不稳定,Bing,TikTok
tiktok无水印,Google,TikTok
tiktok网页,Google,TikTok
tiktok网页版登录,Google,TikTok
tiktok无网络连接,Google,TikTok
tiktok无法登陆,Google,TikTok
tiktok文案提取,Google,TikTok
tiktok 网页 版 登录 入口,Google,TikTok
tiktok为什么显示无网络连接,Google,TikTok
tiktok无法关注,Google,TikTok
tiktok网页版在线观看,Bing,TikTok
tiktok网页版官网,Bing,TikTok
tiktok windows下载,Bing,TikTok
tiktok网页版下载,Bing,TikTok
tiktok网页版电脑版,Bing,TikTok
tiktok无水印下载,Bing,TikTok
tiktok windows版,Bing,TikTok
tiktok 一亩三分地,Google,TikTok
tiktok运营,Google,TikTok
tiktok运营,Bing,TikTok
tiktok有电脑版吗,Google,TikTok
tiktok音乐库,Google,TikTok
tiktok用不了,Google,TikTok
tiktok越南,Google,TikTok
tiktok音乐,Google,TikTok
tiktok音乐,Bing,TikTok
tiktok养号,Google,TikTok
tiktok邮箱,Google,TikTok
tiktok 一畝,Google,TikTok
tiktok云手机,Google,TikTok
tiktok 应用,Google,TikTok
tiktok印尼,Google,TikTok
tiktok用户量,Google,TikTok
tiktok音频下载,Google,TikTok
tiktok运营技巧,Bing,TikTok
tiktok有黄色吗,Bing,TikTok
tiktok用户数量,Bing,TikTok
tiktok音频提取,Bing,TikTok
tiktok有网页版吗,Bing,TikTok
tiktok 国际 版 网页,Google,TikTok 国际版
tiktok 国际 版 网页,Bing,TikTok 国际版
tiktok 国际 版 apk,Google,TikTok 国际版
tiktok 国际 版 apk,Bing,TikTok 国际版
tiktok国际版登录,Google,TikTok 国际版
tiktok国际版登录,Bing,TikTok 国际版
tiktok国际版官方入口,Google,TikTok 国际版
tiktok国际版官方入口,Bing,TikTok 国际版
tiktok国际版网页入口,Google,TikTok 国际版
tiktok国际版网页入口,Bing,TikTok 国际版
tiktok 国际 版 官网 下载 ios,Google,TikTok 国际版
tiktok 国际 版 官网 下载 安卓,Google,TikTok 国际版
tiktok 国际 版 电脑 版,Google,TikTok 国际版
tiktok 国际 版 电脑 版,Bing,TikTok 国际版
tiktok国际版抖音(tiktok) 下载,Google,TikTok 国际版
tiktok 国际 版 注册,Google,TikTok 国际版
tiktok 国际 版 账号 购买,Google,TikTok 国际版
tiktok国际版抖音,Google,TikTok 国际版
tiktok国际版抖音,Bing,TikTok 国际版
tiktok国际版网页版,Bing,TikTok 国际版
tiktok国际版官网,Bing,TikTok 国际版
tiktok国际版官方下载,Bing,TikTok 国际版
tiktok国际版下载安卓,Bing,TikTok 国际版
tiktok国际版破解,Bing,TikTok 国际版
tiktok国际版下载破解版免费,Bing,TikTok 国际版
tik tok国际版下载电脑版,Bing,TikTok 国际版
tiktok国际版安装包,Google,TikTok 国际版
tiktok国际版安装包,Bing,TikTok 国际版
tiktok国际版抖音 tiktok 下载,Bing,TikTok 国际版
tiktok国际版入口,Bing,TikTok 国际版
tiktok国际版不能用,Bing,TikTok 国际版
tiktok国际版被制裁,Bing,TikTok 国际版
tiktok国际版不拔卡ios,Bing,TikTok 国际版
tiktok 国际 版储值,Google,TikTok 国际版
tiktok国际版账号,Google,TikTok 国际版
tiktok国际版账号,Bing,TikTok 国际版
tiktok国际版赚钱,Google,TikTok 国际版
tiktok国际版直播,Google,TikTok 国际版
tiktok国际版直播,Bing,TikTok 国际版
tiktok国际版注册,Google,TikTok 国际版
tiktok国际版注册,Bing,TikTok 国际版
tik tok国际版创意挑战,Bing,TikTok 国际版
tiktok国际版插件,Bing,TikTok 国际版
tiktok 下载 安卓,Google,TikTok
tiktok小店,Google,TikTok
tiktok小店,Bing,TikTok
tiktok 下載,Google,TikTok
tiktok 下載,Bing,TikTok
tiktok下载器,Google,TikTok
tiktok 下载 ios,Google,TikTok
tiktok学习中心,Google,TikTok
tiktok学习中心,Bing,TikTok
tiktok 下载 apk,Google,TikTok
tiktok选品,Google,TikTok
tiktok显示无网络连接,Google,TikTok
tiktok选品工具,Google,TikTok
tiktok选品工具,Bing,TikTok
tiktok显示网络不稳定,Google,TikTok
tiktok小店官网,Google,TikTok
tiktok下载去水印,Google,TikTok
tiktok下载工具,Google,TikTok
tiktok下载安卓,Bing,TikTok
tiktok下载苹果,Bing,TikTok
tik tok下载电脑版,Bing,TikTok
tiktok下载官网入口,Bing,TikTok
tiktok下载国际版,Bing,TikTok
tiktok小店入驻,Bing,TikTok
tiktok下载视频,Bing,TikTok
tiktok账号,Google,TikTok
tiktok账号,Bing,TikTok
tiktok直播伴侣,Google,TikTok
tiktok直播伴侣,Bing,TikTok
tiktok直播,Google,TikTok
tiktok 在线,Google,TikTok
tiktok 在线,Bing,TikTok
tiktok怎么注册,Google,TikTok
tiktok在线解析,Google,TikTok
tiktok直播后台,Google,TikTok
tiktok招聘,Google,TikTok
tiktok招聘,Bing,TikTok
tiktok账号注册,Google,TikTok
tiktok账号注册,Bing,TikTok
tiktok 中文,Google,TikTok
tiktok直播工作室,Google,TikTok
tiktok专线,Google,TikTok
tiktok怎么使用,Google,TikTok
tiktok涨粉,Google,TikTok
tik tok 直播,Bing,TikTok
tiktok账号购买,Bing,TikTok
tiktok在线观看,Bing,TikTok
tiktok注册链接,Bing,TikTok
tiktok注册网络连接不稳定,Bing,TikTok
tiktok 国际 版 安卓 下载,Google,TikTok 国际版
tiktok国际版app,Google,TikTok 国际版
tiktok国际版app,Bing,TikTok 国际版
tiktok国际版安卓,Google,TikTok 国际版
tiktok国际版安装,Google,TikTok 国际版
tiktok 国际版 apk 下载,Bing,TikTok 国际版
tiktok国际版app下载,Bing,TikTok 国际版
tiktok国际版安卓下载,Bing,TikTok 国际版
tiktok国际版安卓怎么使用,Bing,TikTok 国际版
tiktok国际版app 抖音tiktok解锁版,Bing,TikTok 国际版
tiktok国际版电脑版下载,Google,TikTok 国际版
tiktok 国际 版 登录 不了,Google,TikTok 国际版
tiktok 国际 版 中国,Google,TikTok 国际版
tiktok 国际 版 官方 入口,Google,TikTok 国际版
tik tok 国际 版 电脑 版 下载,Bing,TikTok 国际版
tiktok国际版的下载链接,Bing,TikTok 国际版
tiktok国际版电脑下载,Bing,TikTok 国际版
tiktok国际版 电脑,Bing,TikTok 国际版
tiktok国际版电脑能看吗,Bing,TikTok 国际版
tiktok国际版抖音tiktok官网,Bing,TikTok 国际版
tiktok国际版登录不上,Bing,TikTok 国际版
tiktok国际版用不了,Google,TikTok 国际版
tiktok国际版用不了,Bing,TikTok 国际版
tiktok国际版 ios,Google,TikTok 国际版
tiktok国际版 ios,Bing,TikTok 国际版
tiktok国际版ios下载,Google,TikTok 国际版
tiktok国际版ios下载,Bing,TikTok 国际版
tiktok国际版介绍,Bing,TikTok 国际版
tiktok国际版教程,Bing,TikTok 国际版
tiktok国际版解锁,Bing,TikTok 国际版
tiktok国际版进不去,Bing,TikTok 国际版
tik tok国际版加速器,Bing,TikTok 国际版
tiktok国际版官网下载app,Google,TikTok 国际版
tiktok国际版公司,Google,TikTok 国际版
tiktok国际版 安卓,Google,TikTok 国际版
tiktok国际版怎么用,Google,TikTok 国际版
tiktok国际版怎么用,Bing,TikTok 国际版
tiktok国际版官网下载,Bing,TikTok 国际版
tiktok国际版官网入口,Bing,TikTok 国际版
tiktok国际版官方入口网页版,Bing,TikTok 国际版
tiktok国际版gulf,Bing,TikTok 国际版
tiktok国际版guru,Bing,TikTok 国际版
tiktok国际版gust,Bing,TikTok 国际版
tiktok国际版guava,Bing,TikTok 国际版
tiktok国际版gucci,Bing,TikTok 国际版
tiktok国际版guess,Bing,TikTok 国际版
tiktok 国际版 ios,Google,TikTok 国际版
tiktok国际版ios免拔卡,Google,TikTok 国际版
tiktok 国际版 ios 怎么 用,Google,TikTok 国际版
tiktok国际版ios安装包,Bing,TikTok 国际版
tiktok国际版ipa,Bing,TikTok 国际版
tiktok国际版 ios 不 拔卡 2023,Bing,TikTok 国际版
tiktok国际版ipa文件,Bing,TikTok 国际版
tiktok国际版苹果,Google,TikTok 国际版
tiktok国际版苹果下载,Google,TikTok 国际版
tiktok国际版苹果下载,Bing,TikTok 国际版
tiktok国际版翻墙,Bing,TikTok 国际版
tiktok国际版访问,Bing,TikTok 国际版
tiktok国际版分地区吗,Bing,TikTok 国际版
tiktok国际版和国内版区别,Bing,TikTok 国际版
tiktok国际版和海外版区别,Bing,TikTok 国际版
tiktok国际版开店,Bing,TikTok 国际版
tiktok国际版看不了,Bing,TikTok 国际版
tiktok国际版可以卖东西吗,Bing,TikTok 国际版
tiktok国际版可以开网店吗,Bing,TikTok 国际版
tiktok国际版 pc端下载,Google,TikTok 国际版
tiktok国际版 pc端下载,Bing,TikTok 国际版
tiktok国际版pc下载,Bing,TikTok 国际版
tiktok国际版pc端,Bing,TikTok 国际版
tiktok国际版破解国内可用,Bing,TikTok 国际版
tiktok国际版苹果手机怎么下载,Bing,TikTok 国际版
tik tok国际版破解版,Bing,TikTok 国际版
tiktok国际版破解下载,Bing,TikTok 国际版
tik tok国际版评价,Bing,TikTok 国际版
tiktok国际版破解版免登录,Bing,TikTok 国际版
tiktok国际版破解版最新下载,Bing,TikTok 国际版
tiktok国际版免拔卡,Bing,TikTok 国际版
tiktok 国际版 免费,Bing,TikTok 国际版
tiktok国际版无法连接网络,Bing,TikTok 国际版
tiktok国际版免翻墙,Bing,TikTok 国际版
tiktok国际版免费观看,Bing,TikTok 国际版
tiktok国际版买家入口,Bing,TikTok 国际版
tiktok国际版免费下载,Bing,TikTok 国际版
tiktok国际版卖货,Bing,TikTok 国际版
tiktok国际版美国,Bing,TikTok 国际版
tiktok国际版免费看,Bing,TikTok 国际版
tiktok国际版免登录,Bing,TikTok 国际版
tiktok国际版无法观看,Bing,TikTok 国际版
tik tok国际版区别,Bing,TikTok 国际版
tiktok国际版如何下载,Google,TikTok 国际版
tiktok国际版如何注册,Bing,TikTok 国际版
tik tok国际版如何下载,Bing,TikTok 国际版
tik tok国际版热门视频,Bing,TikTok 国际版
tiktok国际版如何使用,Bing,TikTok 国际版
tiktok国际版是哪个国家的,Google,TikTok 国际版
tiktok国际版视频,Google,TikTok 国际版
tiktok国际版视频,Bing,TikTok 国际版
tiktok国际版有什么,Google,TikTok 国际版
tiktok国际版色板黄,Bing,TikTok 国际版
tiktok国际版色板免费,Bing,TikTok 国际版
tiktok国际版属于中国吗,Bing,TikTok 国际版
tiktok国际版手机版下载,Bing,TikTok 国际版
tiktok国际版色版,Bing,TikTok 国际版
tiktok国际版商城,Bing,TikTok 国际版
tiktok国际版商家,Bing,TikTok 国际版
tiktok国际版商店,Bing,TikTok 国际版
tiktok国际版使用,Bing,TikTok 国际版
tiktok国际版是中国的吗,Bing,TikTok 国际版
tiktok国际版是通用的吗,Bing,TikTok 国际版
tiktok国际版网页,Google,TikTok 国际版
tiktok国际版tiktok,Bing,TikTok 国际版
tiktok国际版图片,Bing,TikTok 国际版
tiktok国际版无网络连接,Google,TikTok 国际版
tiktok 国际 版 无法 连接 网络,Google,TikTok 国际版
tiktok国际版网页版登录入口,Bing,TikTok 国际版
tiktok国际版windows下载,Bing,TikTok 国际版
tiktok国际版网址,Bing,TikTok 国际版
tiktok国际版网页版在线观看,Bing,TikTok 国际版
tiktok国际版网页版网址,Bing,TikTok 国际版
tiktok国际版网站,Bing,TikTok 国际版
tiktok国际版为什么看不了,Bing,TikTok 国际版
tik tok国际版网页下载,Bing,TikTok 国际版
tiktok 国际 版 抖 音,Google,TikTok 国际版
tiktok 无法 观看 直播,Google,TikTok 无法观看
tiktok 无法观看影片,Google,TikTok 无法观看
tiktok 无法 观看 视频,Google,TikTok 无法观看
tiktok 无法 看,Google,TikTok 无法观看
tiktok 无法 关注 别人,Google,TikTok 无法观看
tiktok无法观看视频,Bing,TikTok 无法观看
tiktok无法观看直播,Bing,TikTok 无法观看
tiktok无法观看,Google,TikTok 无法观看
tiktok无法观看,Bing,TikTok 无法观看
为什么tiktok无法观看,Bing,TikTok 无法观看
www.tiktok.com 打不开,Bing,TikTok 无法观看
tiktok 网页 版 免费 观看,Bing,TikTok 无法观看
www.tiktok.com下载,Bing,TikTok 无法观看
为什么 tiktok 翻 墙 也不能看,Bing,TikTok 无法观看
https://www.tiktok.com/进不去,Bing,TikTok 无法观看
www.tiktok.com官网下载,Bing,TikTok 无法观看
tiktok 国际 版 中文,Google,TikTok 国际版
tiktok国际版怎么下载,Google,TikTok 国际版
tiktok国际版怎么注册,Google,TikTok 国际版
tiktok国际版注册不了,Google,TikTok 国际版
tiktok国际版注册不了,Bing,TikTok 国际版
tiktok 国际版 是 哪个 国家的,Google,TikTok 国际版
tik tok国际版怎么下载,Bing,TikTok 国际版
tik tok国际版怎么注册,Bing,TikTok 国际版
tiktok国际版在线观看,Bing,TikTok 国际版
tiktok国际版直接看,Bing,TikTok 国际版
tiktok国际版怎么看,Bing,TikTok 国际版
tiktok国际版怎么登录,Bing,TikTok 国际版
tiktok国际版有黄吗,Bing,TikTok 国际版
tiktok国际版要翻墙吗,Bing,TikTok 国际版
tiktok国际版有网页版吗,Bing,TikTok 国际版
tiktok 无法关注,Google,TikTok 无法观看
tiktok ins youtube facebook的区别,Bing,TikTok 无法观看
tiktok、ins、youtube、facebook的区别,Bing,TikTok 无法观看
tiktok国际版下载安卓版,Google,TikTok 国际版
tiktok国际版下载安卓版,Bing,TikTok 国际版
tiktok国际版下载官网,Google,TikTok 国际版
tiktok国际版下载ios,Google,TikTok 国际版
tiktok国际版下载ios,Bing,TikTok 国际版
tiktok 国际 版 香港,Google,TikTok 国际版
tiktok国际版下载苹果,Google,TikTok 国际版
tiktok 国际 版 下载 电脑 版,Google,TikTok 国际版
tiktok国际版下载安装,Google,TikTok 国际版
tik tok国际版下载官网,Bing,TikTok 国际版
tik tok国际版下载苹果,Bing,TikTok 国际版
tiktok国际版下载电脑,Bing,TikTok 国际版
tiktok国际版需要翻墙吗,Bing,TikTok 国际版
tiktok国际版下载官网入口,Bing,TikTok 国际版
tiktok国际版小店,Bing,TikTok 国际版
tiktok 无法 观看,Google,TikTok 无法观看
www.tiktok.com 百度一下,Bing,TikTok 无法观看
www.tiktok.com pc下载,Bing,TikTok 无法观看
www.tiktok.com 关闭了连接,Bing,TikTok 无法观看
google play 没有 tiktok,Bing,TikTok 无法观看
tiktok无法关注怎么解决,Google,TikTok 无法观看
tiktok无法关注点赞,Google,TikTok 无法观看
www.tiktok.com网页版,Bing,TikTok 无法观看
tiktok 无法 看 视频,Google,TikTok 无法观看
tiktok no network connection怎么解决,Bing,TikTok 无法观看
www.tiktok.com pc版,Bing,TikTok 无法观看
tiktok无法关注别人,Google,TikTok 无法观看
tiktok无法看评论,Google,TikTok 无法观看
tiktok拔卡,Google,TikTok 拔卡
tiktok 拔 卡 也 看 不了,Google,TikTok 拔卡
tiktok拔卡版,Google,TikTok 拔卡
tiktok拔卡使用,Google,TikTok 拔卡
tiktok拔卡教程,Google,TikTok 拔卡
tiktok拔卡教程,Bing,TikTok 拔卡
tiktok 拔卡,Google,TikTok 拔卡
tiktok 拔卡,Bing,TikTok 拔卡
tiktok拔卡也看不了,Bing,TikTok 拔卡
tiktok拔卡了怎么看不了,Bing,TikTok 拔卡
tiktok免拔卡安卓,Bing,TikTok 拔卡
tiktok免拔卡下载,Bing,TikTok 拔卡
免拔卡tiktok,Bing,TikTok 拔卡
tiktok安卓免拔卡,Bing,TikTok 拔卡
tiktok免拔卡ios,Bing,TikTok 拔卡
tiktok ios免拔卡下载,Bing,TikTok 拔卡
ios tiktok免拔卡,Bing,TikTok 拔卡
iphone tiktok免拔卡,Bing,TikTok 拔卡
免拔卡tiktok ios,Bing,TikTok 拔卡
ios免拔卡使用tiktok,Bing,TikTok 拔卡
tiktok免拔卡模组,Bing,TikTok 拔卡
安卓tiktok免拔卡,Bing,TikTok 拔卡
tiktok v36 7 . 4抖音国际版无视封锁和下载限制免拔卡,Bing,TikTok 拔卡
tiktok抖音国际版v40 4 . 3解锁地区限制免拔卡全球海外版去广告无水印下载,Bing,TikTok 拔卡
tiktok抖音国际版v40 4 . 5免拔卡解锁版,Bing,TikTok 拔卡
www.tiktok.com入口,Bing,TikTok 拔卡
iphone 免拔卡 解锁 tiktok,Bing,TikTok 拔卡
tiktok for you 是什么,Bing,TikTok 拔卡
tiktok lite 180 分放置,Bing,TikTok 拔卡
tiktok账号被封禁,Google,TikTok 账号
tiktok账号被封禁,Bing,TikTok 账号
tiktok账号注册教程,Google,TikTok 账号
tiktok账号注册教程,Bing,TikTok 账号
tiktok账号检测,Google,TikTok 账号
tiktok账号检测,Bing,TikTok 账号
tiktok账号分析,Google,TikTok 账号
tiktok账号分析,Bing,TikTok 账号
tiktok账号管理,Google,TikTok 账号
tiktok账号怎么注册,Google,TikTok 账号
tiktok账号怎么注册,Bing,TikTok 账号
tiktok账号被停用,Google,TikTok 账号
tiktok账号被停用,Bing,TikTok 账号
tiktok 账号 购买 2 元,Google,TikTok 账号
tiktok 账号 购买 2 元,Bing,TikTok 账号
tiktok账号归属地,Google,TikTok 账号
tiktok账号归属地,Bing,TikTok 账号
tiktok账号归属地查询,Google,TikTok 账号
tiktok账号无法关注,Google,TikTok 账号
tiktok账号无法关注,Bing,TikTok 账号
tiktok账号申诉,Google,TikTok 账号
tiktok账号申诉,Bing,TikTok 账号
tiktok账号永久封禁,Google,TikTok 账号
tiktok账号永久封禁,Bing,TikTok 账号
tiktok账号购买平台,Bing,TikTok 账号
tiktok账号共享,Bing,TikTok 账号
tiktok账号批发,Bing,TikTok 账号
tiktok账号被封禁怎么办,Bing,TikTok 账号
tiktok账号购买网站,Bing,TikTok 账号
tiktok 账号 如何 改 国家,Google,TikTok 账号
tiktok 账号 安全,Google,TikTok 账号
tiktok 账号注册,Google,TikTok 账号
tiktok 账号 申请,Google,TikTok 账号
tiktok账号注册不了,Google,TikTok 账号
tiktok账号安全,Bing,TikTok 账号
tiktok 账号 查询 工具,Google,TikTok 账号
tiktok账号查询,Google,TikTok 账号
tiktok账号查询,Bing,TikTok 账号
tiktok cn 账号,Google,TikTok 账号
c罗tiktok账号,Google,TikTok 账号
tiktok账号出售,Bing,TikTok 账号
tiktok账号出售网站,Bing,TikTok 账号
tiktok账号出售平台,Bing,TikTok 账号
tiktok账号被封了怎么办,Google,TikTok 账号
tiktok账号被永久封禁怎么办,Google,TikTok 账号
tiktok账号被永久封禁怎么办,Bing,TikTok 账号
tiktok账号被盗,Google,TikTok 账号
tiktok账号被盗,Bing,TikTok 账号
tiktok账号被锁定,Google,TikTok 账号
tiktok账号被锁定,Bing,TikTok 账号
tiktok账号被封如何申诉,Google,TikTok 账号
tiktok账号被封,Google,TikTok 账号
tiktok账号登录不上,Google,TikTok 账号
tiktok账号被banned,Bing,TikTok 账号
tiktok账号被封后怎么注销,Bing,TikTok 账号
tiktok账号被禁用,Bing,TikTok 账号
tiktok账号被封申诉,Bing,TikTok 账号
tiktok账号被封的原因,Bing,TikTok 账号
tiktok账号变现,Bing,TikTok 账号
tiktok账号地区,Google,TikTok 账号
tiktok账号地区,Bing,TikTok 账号
tiktok账号登录,Google,TikTok 账号
tiktok账号登录,Bing,TikTok 账号
tiktok 账号 代 注册,Google,TikTok 账号
tiktok 账号 登录 不了,Google,TikTok 账号
tiktok 账号 等级,Google,TikTok 账号
tiktok 账号 地区 查询,Google,TikTok 账号
tiktok 账号 定位,Google,TikTok 账号
土耳其tiktok账号,Google,TikTok 账号
tiktok账号多少元一个,Bing,TikTok 账号
tiktok账号登陆,Bing,TikTok 账号
tiktok账号大全,Bing,TikTok 账号
tiktok账号的uid,Bing,TikTok 账号
tiktok账号登录不上去,Bing,TikTok 账号
tiktok账号定位,Bing,TikTok 账号
tiktok账号搭建,Bing,TikTok 账号
tiktok账号登不上,Bing,TikTok 账号
tiktok账号地区查询,Bing,TikTok 账号
tiktok账号登陆不了,Bing,TikTok 账号
tiktok 英国 账号 注册,Google,TikTok 账号
tiktok 账号 被 永久 封禁 怎么 办,Google,TikTok 账号
tiktok 英 区 账号,Google,TikTok 账号
tiktok账号登录不了,Google,TikTok 账号
英国 tiktok 账号,Google,TikTok 账号
tiktok账号二维码,Bing,TikTok 账号
tiktok 账号 养 号,Google,TikTok 账号
tiktok 账号 起 号,Google,TikTok 账号
tiktok账号购买优惠,Bing,TikTok 账号
tiktok账号购买攻略,Bing,TikTok 账号
tiktok账号购买方法,Bing,TikTok 账号
tiktok账号购买流程,Bing,TikTok 账号
tiktok账号购买评价,Bing,TikTok 账号
tiktok账号购买风险,Bing,TikTok 账号
tiktok 账号 分析 工具,Google,TikTok 账号
tiktok账号封禁,Google,TikTok 账号
tiktok账号封禁,Bing,TikTok 账号
tiktok 账号 粉丝,Google,TikTok 账号
tiktok 账号 分享,Google,TikTok 账号
tiktok 账号 发 不了 视频,Google,TikTok 账号
tiktok 账号 涨 粉,Google,TikTok 账号
tiktok账号封禁能解封吗,Bing,TikTok 账号
tiktok账号分享,Bing,TikTok 账号
tiktok账号粉丝,Bing,TikTok 账号
tiktok账号封禁原因,Bing,TikTok 账号
tiktok账号封禁怎么申诉,Bing,TikTok 账号
tiktok账号id,Google,TikTok 账号
tiktok 账号 ip,Google,TikTok 账号
tiktok账号id怎么看,Google,TikTok 账号
tiktok 账号 如何 修改 密码,Google,TikTok 账号
tiktok one 账号 id,Google,TikTok 账号
tiktok 账号 ip 查询,Google,TikTok 账号
tiktok 账号 验证,Google,TikTok 账号
tiktok 账号 身份 验证,Google,TikTok 账号
tiktok账号运营,Google,TikTok 账号
tiktok账号运营,Bing,TikTok 账号
tiktok账号id是什么,Bing,TikTok 账号
tiktok账号后台,Google,TikTok 账号
tiktok账号后台,Bing,TikTok 账号
tiktok 账号 被 封禁,Google,TikTok 账号
tiktok 账号 被 停 用,Google,TikTok 账号
tiktok 账号 被 封 了 怎么 办,Google,TikTok 账号
tiktok 账号 被 封 怎么 申诉,Google,TikTok 账号
tiktok 账号 封禁,Google,TikTok 账号
tiktok 账号 平台,Google,TikTok 账号
tiktok 账号 被 锁定,Google,TikTok 账号
tiktok 账号 被 禁,Google,TikTok 账号
tiktok 账号 被 停 用 怎么 办,Google,TikTok 账号
tiktok 账号 不能 关注,Google,TikTok 账号
tiktok 账号 提现,Google,TikTok 账号
tiktok 账号 被 ban,Google,TikTok 账号
tiktok 账号 被 封 原因,Google,TikTok 账号
tiktok账号handle,Bing,TikTok 账号
tiktok账号回收,Bing,TikTok 账号
tiktok账号换不了头像,Bing,TikTok 账号
tiktok账号会自动注销吗,Bing,TikTok 账号
tiktok账号警告怎么办,Google,TikTok 账号
tiktok 账号 解 封,Google,TikTok 账号
tiktok 账号 禁用,Google,TikTok 账号
tiktok账号交易,Bing,TikTok 账号
tiktok账号监控,Bing,TikTok 账号
tiktok账号检查,Bing,TikTok 账号
tiktok账号交易平台,Bing,TikTok 账号
tiktok账号解封申诉,Bing,TikTok 账号
tiktok账号矩阵,Bing,TikTok 账号
tiktok账号禁用,Google,TikTok 账号
tiktok账号禁用,Bing,TikTok 账号
tiktok账号检测工具,Bing,TikTok 账号
tiktok账号交易网站,Bing,TikTok 账号
tiktok 账号 警告 怎么 办,Google,TikTok 账号
tiktok 账号 管理,Google,TikTok 账号
tiktok 账号 后台,Google,TikTok 账号
tiktok 账号 警告,Google,TikTok 账号
tiktok 账号 限 流,Google,TikTok 账号
tiktok 账号 限制,Google,TikTok 账号
tiktok 账号 更改 地区,Google,TikTok 账号
tiktok账号国家,Google,TikTok 账号
tiktok 千 粉 账号 购买,Google,TikTok 账号
tiktok 美 区 账号 购买,Google,TikTok 账号
tiktok 账号 注册 教程,Google,TikTok 账号
tiktok 千 粉 账号,Google,TikTok 账号
tiktok账号扣分,Bing,TikTok 账号
tiktok账号开通电商权限,Bing,TikTok 账号
tiktok账号可以登录国内抖音吗,Bing,TikTok 账号
tiktok 账号,Google,TikTok 账号
tiktok账号类型,Bing,TikTok 账号
tiktok账号冷启动,Bing,TikTok 账号
tiktok账号类型及短视频类型,Bing,TikTok 账号
tiktok账号密码,Google,TikTok 账号
tiktok账号密码,Bing,TikTok 账号
tiktok 开发 者 账号,Google,TikTok 账号
tiktok 开发 者 账号 购买,Google,TikTok 账号
tiktok 店铺 账号,Google,TikTok 账号
tiktok 白 名单 账号,Google,TikTok 账号
tiktok 店铺 账号 购买,Google,TikTok 账号
tiktok 怎么 看 账号 地区,Google,TikTok 账号
tiktok 开发 者 账号 注册,Google,TikTok 账号
tiktok 账号 忘记 密码,Google,TikTok 账号
tiktok 账号怎么看,Google,TikTok 账号
tiktok 渠道 账号,Google,TikTok 账号
tiktok 创作者账号,Google,TikTok 账号
tiktok 修改 账号 密码,Google,TikTok 账号
tiktok明星账号,Google,TikTok 账号
tiktok 店铺 子 账号,Google,TikTok 账号
tiktok账号密码大全,Bing,TikTok 账号
tiktok账号秒封,Bing,TikTok 账号
tiktok账号无法关注别人,Google,TikTok 账号
tiktok账号无法关注别人,Bing,TikTok 账号
tiktok账号免费,Bing,TikTok 账号
tiktok账号名字,Bing,TikTok 账号
tiktok账号名称,Bing,TikTok 账号
tiktok账号买卖,Bing,TikTok 账号
tiktok账号无法注册,Bing,TikTok 账号
tiktok账号无法点赞,Bing,TikTok 账号
tiktok账号无法登录,Bing,TikTok 账号
tiktok one 账号,Google,TikTok 账号
tiktok 多 账号,Google,TikTok 账号
tiktok 多 账号 管理,Google,TikTok 账号
tiktok 多 账号 运营,Google,TikTok 账号
tiktok one 账号 是 什么,Google,TikTok 账号
tiktok 欧洲 账号,Google,TikTok 账号
tiktok one 账号 购买,Google,TikTok 账号
tiktok 多 账号 风险,Google,TikTok 账号
tiktok多账号管理系统,Google,TikTok 账号
收 tiktok 账号,Google,TikTok 账号
tiktok账号批量注册,Google,TikTok 账号
tiktok账号批量管理,Google,TikTok 账号
tiktok pro 账号,Google,TikTok 账号
tiktok账号如何注销,Bing,TikTok 账号
tiktok账号认证,Bing,TikTok 账号
tiktok账号如何注册,Bing,TikTok 账号
tiktok账号如何提现,Bing,TikTok 账号
tiktok账号如何更换国家,Bing,TikTok 账号
tiktok账号权重,Bing,TikTok 账号
tiktok 账号 所在 国家,Google,TikTok 账号
tiktok账号申请,Google,TikTok 账号
tiktok账号申请,Bing,TikTok 账号
tiktok账号数据,Google,TikTok 账号
tiktok 账号 刷 粉,Google,TikTok 账号
tiktok 账号 所在地 必须 与 店铺 经营 地 一致,Google,TikTok 账号
tiktok 账号 数据 分析,Google,TikTok 账号
tiktok 账号 信息 查询,Google,TikTok 账号
tiktok 账号存在风险,Google,TikTok 账号
tiktok 账号 所在地,Google,TikTok 账号
tiktok 账号 千 粉,Google,TikTok 账号
tiktok shop 账号 购买,Google,TikTok 账号
tiktok 商业 账号,Google,TikTok 账号
如何 查看 tiktok 账号 所属 地,Google,TikTok 账号
tiktok账号删除,Bing,TikTok 账号
tiktok账号suspended,Bing,TikTok 账号
tiktok账号申诉模板,Bing,TikTok 账号
tiktok账号实名认证,Bing,TikTok 账号
tiktok账号售卖,Bing,TikTok 账号
tiktok账号设置,Bing,TikTok 账号
tiktok账号所在地,Bing,TikTok 账号
tiktok账号所在国家,Bing,TikTok 账号
tiktok账号实名流程,Bing,TikTok 账号
tiktok账号推荐,Google,TikTok 账号
tiktok账号推荐,Bing,TikTok 账号
tiktok 账号 注册,Google,TikTok 账号
tiktok 账号 注册 不了,Google,TikTok 账号
tiktok 账号 充值,Google,TikTok 账号
tiktok 账号 地区,Google,TikTok 账号
tiktok 账号 注销,Google,TikTok 账号
tiktok 账号 停 用,Google,TikTok 账号
tiktok 账号 注册 时间,Google,TikTok 账号
tiktok 账号 注册 流程,Google,TikTok 账号
tiktok 账号 中心,Google,TikTok 账号
tiktok 账号 登 不 上,Google,TikTok 账号
tiktok账号停用,Bing,TikTok 账号
tiktok账号头像,Bing,TikTok 账号
tiktok账号投流,Bing,TikTok 账号
tiktok账号突然被永久封禁,Bing,TikTok 账号
tiktok 账号 uid,Google,TikTok 账号
tiktok 账号 id,Google,TikTok 账号
tiktok账号uid,Bing,TikTok 账号
tiktok 个人 账号 和 企业 账号,Google,TikTok 账号
tiktok 个人 账号 和 企业 账号 区别,Google,TikTok 账号
tiktok 怎么 注册 账号 和 使用,Google,TikTok 账号
tiktok 账号 违规,Google,TikTok 账号
tiktok 账号 无法 点 赞,Google,TikTok 账号
tiktok账号忘记了,Bing,TikTok 账号
tiktok账号网页版,Bing,TikTok 账号
tiktok账号为什么被封,Bing,TikTok 账号
tiktok账号限流,Google,TikTok 账号
tiktok账号限流,Bing,TikTok 账号
tiktok账号修改邮箱,Bing,TikTok 账号
tiktok 账号 美 区,Google,TikTok 账号
tiktok 用 谷歌 账号 登录 不了,Google,TikTok 账号
tiktok 企业 账号 有 什么 用,Google,TikTok 账号
tiktok 美 区 账号 注册,Google,TikTok 账号
tiktok账号运营方案,Bing,TikTok 账号
tiktok账号一切正常但是0播放量,Bing,TikTok 账号
tiktok账号异常,Bing,TikTok 账号
tiktok账号用什么注册,Bing,TikTok 账号
tiktok账号养号,Bing,TikTok 账号
tiktok账号已遭停用,Bing,TikTok 账号
tiktok账号找回,Google,TikTok 账号
tiktok账号注销,Google,TikTok 账号
tiktok 账号 在线 购买,Google,TikTok 账号
tiktok 账号 状态,Google,TikTok 账号
tiktok 绑 定 账号,Google,TikTok 账号
tiktok 账号 检测 在 哪里,Google,TikTok 账号
tiktok 账号 绑 定 小 店,Google,TikTok 账号
tiktok 账号 绑 定 店铺,Google,TikTok 账号
tiktok账号zhengce,Bing,TikTok 账号
tiktok账号注册入口,Bing,TikTok 账号
tiktok账号注册方法,Bing,TikTok 账号
tiktok账号注册步骤,Bing,TikTok 账号
tiktok账号注册需要什么,Bing,TikTok 账号
tiktok账号注册后如何使用,Bing,TikTok 账号
tiktok账号注册失败怎么办,Bing,TikTok 账号
tiktok账号注册后如何修改资料,Bing,TikTok 账号
tiktok账号注册后如何找到好友,Bing,TikTok 账号
tiktok 变现 模式,Google,TikTok 变现
tiktok 变现 渠道,Google,TikTok 变现
tiktok变现,Google,TikTok 变现
tiktok变现,Bing,TikTok 变现
tiktok 变现 途径,Google,TikTok 变现
tiktok 变现 方法,Google,TikTok 变现
tiktok变现方式,Google,TikTok 变现
tiktok变现方式,Bing,TikTok 变现
tiktok变现渠道,Bing,TikTok 变现
tiktok变现模式,Bing,TikTok 变现
tiktok变现独立站,Bing,TikTok 变现
tiktok变现方式有哪些,Bing,TikTok 变现
tiktok如何变现,Bing,TikTok 变现
tiktok怎么变现,Bing,TikTok 变现
tiktok流量变现,Bing,TikTok 变现
tiktok视频流量变现,Bing,TikTok 变现
tiktok 变现 ptt,Google,TikTok 变现
tiktok 流量 变现,Google,TikTok 变现
tiktok 如何 变现,Google,TikTok 变现
tiktok 视频 变现,Google,TikTok 变现
tiktok播放量变现,Google,TikTok 变现
tiktok 广告 变现,Google,TikTok 变现
tiktok 直播 变现,Google,TikTok 变现
tiktok 短 剧 变现,Google,TikTok 变现
tiktok 流量 变现 dcard,Google,TikTok 变现
tiktok 短 影音 变现,Google,TikTok 变现
tiktok 流量 变现 ptt,Google,TikTok 变现
tiktok变现教程,Google,TikTok 变现
tiktok变现方法,Google,TikTok 变现
tiktok 变现,Google,TikTok 变现
tiktok视频变现,Bing,TikTok 变现
国外tiktok怎么变现,Bing,TikTok 变现
tiktok 变现 方式,Google,TikTok 变现
海外版抖音tiktok流量变现玩法,Bing,TikTok 变现
tiktok推流码获取工具2.0,Bing,TikTok 变现
vpn 可以改变 tiktok 内容,Bing,TikTok 变现
www.tiktok.com 搜索,Bing,TikTok 变现
tiktok教程,Google,TikTok 教程
tiktok教程,Bing,TikTok 教程
tiktok 教程 ios,Google,TikTok 教程
tiktok 使用 教程,Google,TikTok 教程
tiktok 运营 教程,Google,TikTok 教程
tiktok 投 流 教程,Google,TikTok 教程
tiktok 广告 投放 教程,Google,TikTok 教程
tiktok 开店 教程,Google,TikTok 教程
tiktok 推广 教程,Google,TikTok 教程
tiktok 带 货 教程,Google,TikTok 教程
tiktok 提现 教程,Google,TikTok 教程
tiktok 安装 教程,Google,TikTok 教程
安卓 tiktok 教程,Google,TikTok 教程
注册 tiktok 教程,Google,TikTok 教程
下载 tiktok 教程,Google,TikTok 教程
中国 使用 tiktok 教程,Google,TikTok 教程
tiktok教程剪辑,Bing,TikTok 教程
tiktok教程拍摄,Bing,TikTok 教程
tiktok教程搞笑,Bing,TikTok 教程
tiktok教程特效,Bing,TikTok 教程
tiktok教程美妆,Bing,TikTok 教程
tiktok教程舞蹈,Bing,TikTok 教程
tiktok教程达人,Bing,TikTok 教程
tiktok教程音乐,Bing,TikTok 教程
tiktok教程新手,Bing,TikTok 教程
tiktok教程视频,Bing,TikTok 教程
tiktok 国际 版 教程,Google,TikTok 教程
tiktok 教程,Google,TikTok 教程
tiktok教程ios,Google,TikTok 教程
tiktok教程安卓,Google,TikTok 教程
tiktok 视频 教程,Google,TikTok 教程
tiktok教程下载,Bing,TikTok 教程
tiktok安装教程,Google,TikTok 教程
tiktok安装教程,Bing,TikTok 教程
tiktok教学,Google,TikTok 教程
tiktok运营教程,Bing,TikTok 教程
tiktok注册教程,Bing,TikTok 教程
tiktok使用教程,Bing,TikTok 教程
tiktok下载教程,Google,TikTok 教程
tiktok下载教程,Bing,TikTok 教程
tiktok带货教程,Bing,TikTok 教程
苹果tiktok免拔卡教程,Bing,TikTok 教程
tik tok 官方 网站教程,Bing,TikTok 教程
www.tiktok.com pc版使用方法,Bing,TikTok 教程
tiktok 养 号 教程,Google,TikTok 教程
tiktok 起 号 教程,Google,TikTok 教程
tiktok 广告 教程,Google,TikTok 教程
tiktok 内 嵌 教程,Google,TikTok 教程
tiktok 官方 教程,Google,TikTok 教程
tiktok 解锁 教程,Google,TikTok 教程
tiktok国内教程,Google,TikTok 教程
tiktok 美 区 教程,Google,TikTok 教程
tiktok 小 店 教程,Google,TikTok 教程
tiktok 跨 境 教程,Google,TikTok 教程
tiktok plugin 教程,Google,TikTok 教程
tiktok 苹果 教程,Google,TikTok 教程
tiktok 下载 教程,Google,TikTok 教程
tiktok 刷机 教程,Google,TikTok 教程
tiktok shop 教程,Google,TikTok 教程
tiktok 电 商 教程,Google,TikTok 教程
tiktok 商城 搭建 教程,Google,TikTok 教程
tiktok 安卓 使用 教程,Google,TikTok 教程
tiktok shop 运营教程,Google,TikTok 教程
tiktok live studio 教程,Google,TikTok 教程
tiktok 最新 教程,Google,TikTok 教程
tiktok 下载 安装 教程,Google,TikTok 教程
国内 使用 tiktok 教程,Google,TikTok 教程
tiktok 注册 教程,Google,TikTok 教程
tiktok 投放 教程,Google,TikTok 教程
tiktok 直播 教程,Google,TikTok 教程
